,year,month,carrier,carrier_name,airport,airport_name,arr_flights,arr_del15,carrier_ct,weather_ct,nas_ct,security_ct,late_aircraft_ct,arr_cancelled,arr_diverted,arr_delay,carrier_delay,weather_delay,nas_delay,security_delay,late_aircraft_delay
0,2017,12,AA,American Airlines Inc.,ATL,"Atlanta, GA: Hartsfield-Jackson Atlanta International",921.0,165.0,54.63,7.75,46.3,0.0,56.32,40.0,5.0,9888.0,3192.0,498.0,2526.0,0.0,3672.0
1,2017,12,AA,American Airlines Inc.,BOS,"Boston, MA: Logan International",2016.0,385.0,110.81,16.57,122.09,0.0,135.53,30.0,6.0,21177.0,5461.0,1599.0,4969.0,0.0,9148.0
2,2017,12,AA,American Airlines Inc.,BWI,"Baltimore, MD: Baltimore/Washington International Thurgood Marshall",516.0,65.0,28.39,2.92,12.61,0.0,21.08,0.0,1.0,3271.0,1268.0,171.0,525.0,0.0,1307.0
3,2017,12,AA,American Airlines Inc.,CLT,"Charlotte, NC: Charlotte Douglas International",7842.0,1030.0,337.14,33.42,333.81,2.02,323.61,36.0,4.0,57457.0,20833.0,3155.0,11532.0,49.0,21888.0
4,2017,12,AA,American Airlines Inc.,DCA,"Washington, DC: Ronald Reagan Washington National",1905.0,278.0,79.12,9.84,75.87,0.27,112.9,14.0,8.0,15487.0,4651.0,536.0,3304.0,21.0,6975.0
5,2017,12,AA,American Airlines Inc.,DEN,"Denver, CO: Denver International",886.0,207.0,79.89,6.04,62.64,0.0,58.43,1.0,0.0,10331.0,4086.0,499.0,2179.0,0.0,3567.0
6,2017,12,AA,American Airlines Inc.,DFW,"Dallas/Fort Worth, TX: Dallas/Fort Worth International",11605.0,1963.0,506.1,70.85,747.4,7.43,631.21,35.0,11.0,130822.0,48065.0,8241.0,26129.0,244.0,48143.0
7,2017,12,AA,American Airlines Inc.,DTW,"Detroit, MI: Detroit Metro Wayne County",470.0,97.0,32.89,1.94,35.66,0.0,26.51,1.0,1.0,4991.0,1736.0,140.0,1535.0,0.0,1580.0
8,2017,12,AA,American Airlines Inc.,EWR,"Newark, NJ: Newark Liberty International",680.0,180.0,32.41,6.07,106.21,0.0,35.31,0.0,1.0,9845.0,2101.0,396.0,5117.0,0.0,2231.0
9,2017,12,AA,American Airlines Inc.,FLL,"Fort Lauderdale, FL: Fort Lauderdale-Hollywood International",568.0,125.0,43.28,4.33,45.68,1.54,30.18,1.0,0.0,6223.0,2095.0,306.0,2052.0,53.0,1717.0
10,2017,12,AA,American Airlines Inc.,IAH,"Houston, TX: George Bush Intercontinental/Houston",546.0,104.0,36.57,1.43,37.78,0.69,27.54,1.0,0.0,5192.0,2084.0,187.0,1309.0,22.0,1590.0
11,2017,12,AA,American Airlines Inc.,JFK,"New York, NY: John F. Kennedy International",1308.0,223.0,76.94,4.27,96.29,0.43,45.07,10.0,1.0,14809.0,5368.0,578.0,4203.0,20.0,4640.0
12,2017,12,AA,American Airlines Inc.,LAS,"Las Vegas, NV: McCarran International",1207.0,240.0,89.15,9.44,57.73,0.17,83.52,3.0,1.0,12683.0,4637.0,707.0,2179.0,5.0,5155.0
13,2017,12,AA,American Airlines Inc.,LAX,"Los Angeles, CA: Los Angeles International",3245.0,486.0,156.89,18.07,176.16,0.31,134.57,9.0,6.0,35768.0,13773.0,1596.0,6522.0,24.0,13853.0
14,2017,12,AA,American Airlines Inc.,LGA,"New York, NY: LaGuardia",1732.0,435.0,95.91,15.55,210.67,0.0,112.88,18.0,4.0,23875.0,4740.0,706.0,10349.0,0.0,8080.0
15,2017,12,AA,American Airlines Inc.,MCO,"Orlando, FL: Orlando International",1499.0,313.0,115.42,10.47,78.44,0.0,108.68,1.0,2.0,17084.0,5870.0,1124.0,3274.0,0.0,6816.0
16,2017,12,AA,American Airlines Inc.,MIA,"Miami, FL: Miami International",4330.0,830.0,248.4,35.15,345.71,2.55,198.19,13.0,1.0,53582.0,19399.0,5028.0,13414.0,49.0,15692.0
17,2017,12,AA,American Airlines Inc.,MSP,"Minneapolis, MN: Minneapolis-St Paul International",638.0,133.0,43.16,6.14,49.16,0.0,34.55,3.0,0.0,6719.0,2367.0,323.0,1577.0,0.0,2452.0
18,2017,12,AA,American Airlines Inc.,ORD,"Chicago, IL: Chicago O'Hare International",5388.0,977.0,214.25,26.34,488.27,2.74,245.4,16.0,2.0,64615.0,21172.0,3133.0,22912.0,91.0,17307.0
19,2017,12,AA,American Airlines Inc.,PHL,"Philadelphia, PA: Philadelphia International",3615.0,581.0,155.37,10.66,195.79,0.72,218.46,28.0,5.0,37169.0,12791.0,650.0,8273.0,13.0,15442.0
20,2017,12,AA,American Airlines Inc.,PHX,"Phoenix, AZ: Phoenix Sky Harbor International",4739.0,701.0,229.73,16.15,251.57,2.76,200.78,12.0,3.0,38144.0,13009.0,1450.0,7644.0,107.0,15934.0
21,2017,12,AA,American Airlines Inc.,SAN,"San Diego, CA: San Diego International",768.0,128.0,44.1,2.75,41.18,1.71,38.26,1.0,10.0,6273.0,2048.0,321.0,1554.0,66.0,2284.0
22,2017,12,AA,American Airlines Inc.,SEA,"Seattle, WA: Seattle/Tacoma International",714.0,180.0,57.48,6.91,81.2,0.41,34.0,5.0,21.0,8996.0,3126.0,536.0,2977.0,43.0,2314.0
23,2017,12,AA,American Airlines Inc.,SFO,"San Francisco, CA: San Francisco International",1146.0,203.0,68.31,7.11,83.5,0.91,43.16,1.0,4.0,10629.0,3769.0,1395.0,2982.0,74.0,2409.0
24,2017,12,AA,American Airlines Inc.,SLC,"Salt Lake City, UT: Salt Lake City International",418.0,86.0,33.71,3.55,33.37,0.22,15.15,1.0,1.0,3529.0,1399.0,235.0,1181.0,5.0,709.0
25,2017,12,AS,Alaska Airlines Inc.,ATL,"Atlanta, GA: Hartsfield-Jackson Atlanta International",54.0,5.0,1.99,0.0,3.01,0.0,0.0,1.0,0.0,289.0,107.0,0.0,182.0,0.0,0.0
26,2017,12,AS,Alaska Airlines Inc.,BOS,"Boston, MA: Logan International",116.0,21.0,1.86,1.0,13.47,0.0,4.67,0.0,0.0,740.0,65.0,117.0,393.0,0.0,165.0
27,2017,12,AS,Alaska Airlines Inc.,BWI,"Baltimore, MD: Baltimore/Washington International Thurgood Marshall",88.0,9.0,3.06,0.0,5.07,0.0,0.87,1.0,0.0,263.0,93.0,0.0,123.0,0.0,47.0
28,2017,12,AS,Alaska Airlines Inc.,DCA,"Washington, DC: Ronald Reagan Washington National",124.0,8.0,1.0,1.0,5.0,0.0,1.0,1.0,0.0,368.0,135.0,49.0,124.0,0.0,60.0
29,2017,12,AS,Alaska Airlines Inc.,DEN,"Denver, CO: Denver International",122.0,15.0,4.99,0.0,6.55,0.0,3.46,0.0,0.0,516.0,239.0,0.0,173.0,0.0,104.0
30,2017,12,AS,Alaska Airlines Inc.,DFW,"Dallas/Fort Worth, TX: Dallas/Fort Worth International",111.0,17.0,3.21,0.0,8.45,0.0,5.34,1.0,0.0,633.0,242.0,0.0,257.0,0.0,134.0
31,2017,12,AS,Alaska Airlines Inc.,DTW,"Detroit, MI: Detroit Metro Wayne County",62.0,7.0,2.76,1.0,1.36,0.0,1.89,1.0,0.0,316.0,101.0,30.0,104.0,0.0,81.0
32,2017,12,AS,Alaska Airlines Inc.,EWR,"Newark, NJ: Newark Liberty International",172.0,34.0,4.71,1.0,26.14,0.0,2.15,0.0,0.0,2098.0,454.0,35.0,1562.0,0.0,47.0
33,2017,12,AS,Alaska Airlines Inc.,FLL,"Fort Lauderdale, FL: Fort Lauderdale-Hollywood International",40.0,1.0,0.0,0.0,0.0,0.0,1.0,0.0,0.0,55.0,0.0,0.0,0.0,0.0,55.0
34,2017,12,AS,Alaska Airlines Inc.,IAH,"Houston, TX: George Bush Intercontinental/Houston",48.0,12.0,5.27,0.0,5.73,0.0,1.0,0.0,0.0,408.0,231.0,0.0,160.0,0.0,17.0
35,2017,12,AS,Alaska Airlines Inc.,JFK,"New York, NY: John F. Kennedy International",62.0,3.0,1.51,0.0,0.49,0.0,1.0,0.0,0.0,89.0,34.0,0.0,18.0,0.0,37.0
36,2017,12,AS,Alaska Airlines Inc.,LAS,"Las Vegas, NV: McCarran International",329.0,53.0,13.49,0.89,22.75,0.0,15.87,1.0,1.0,2699.0,760.0,208.0,926.0,0.0,805.0
37,2017,12,AS,Alaska Airlines Inc.,LAX,"Los Angeles, CA: Los Angeles International",627.0,92.0,28.51,0.0,47.98,0.0,15.51,4.0,0.0,3781.0,1770.0,0.0,1302.0,0.0,709.0
38,2017,12,AS,Alaska Airlines Inc.,MCO,"Orlando, FL: Orlando International",95.0,9.0,0.23,0.84,5.16,0.0,2.77,0.0,2.0,319.0,5.0,61.0,182.0,0.0,71.0
39,2017,12,AS,Alaska Airlines Inc.,MSP,"Minneapolis, MN: Minneapolis-St Paul International",48.0,6.0,1.0,0.0,2.39,0.0,2.61,0.0,0.0,156.0,19.0,0.0,54.0,0.0,83.0
40,2017,12,AS,Alaska Airlines Inc.,ORD,"Chicago, IL: Chicago O'Hare International",170.0,27.0,10.62,1.35,11.67,0.3,3.07,0.0,0.0,1631.0,609.0,99.0,846.0,6.0,71.0
41,2017,12,AS,Alaska Airlines Inc.,PHL,"Philadelphia, PA: Philadelphia International",31.0,1.0,0.28,0.0,0.0,0.0,0.72,0.0,0.0,139.0,39.0,0.0,0.0,0.0,100.0
42,2017,12,AS,Alaska Airlines Inc.,PHX,"Phoenix, AZ: Phoenix Sky Harbor International",206.0,37.0,14.93,0.0,11.34,0.0,10.73,0.0,0.0,1568.0,863.0,0.0,323.0,0.0,382.0
43,2017,12,AS,Alaska Airlines Inc.,SAN,"San Diego, CA: San Diego International",491.0,88.0,25.5,2.26,32.47,0.0,27.77,3.0,6.0,3624.0,1143.0,141.0,1063.0,0.0,1277.0
44,2017,12,AS,Alaska Airlines Inc.,SEA,"Seattle, WA: Seattle/Tacoma International",4729.0,789.0,162.97,17.93,361.12,4.49,242.49,26.0,6.0,36188.0,9589.0,1138.0,11750.0,137.0,13574.0
45,2017,12,AS,Alaska Airlines Inc.,SFO,"San Francisco, CA: San Francisco International",477.0,75.0,17.08,0.98,30.74,0.0,26.2,2.0,1.0,3076.0,836.0,44.0,1017.0,0.0,1179.0
46,2017,12,AS,Alaska Airlines Inc.,SLC,"Salt Lake City, UT: Salt Lake City International",171.0,30.0,11.11,0.0,9.26,1.7,7.93,3.0,0.0,1011.0,441.0,0.0,273.0,47.0,250.0
47,2017,12,B6,JetBlue Airways,ATL,"Atlanta, GA: Hartsfield-Jackson Atlanta International",144.0,42.0,17.31,0.71,19.33,0.9,3.74,3.0,1.0,2488.0,1134.0,129.0,975.0,27.0,223.0
48,2017,12,B6,JetBlue Airways,BOS,"Boston, MA: Logan International",3961.0,851.0,236.19,8.92,161.37,0.74,443.78,13.0,5.0,69537.0,22015.0,613.0,6872.0,88.0,39949.0
49,2017,12,B6,JetBlue Airways,BWI,"Baltimore, MD: Baltimore/Washington International Thurgood Marshall",230.0,58.0,31.29,0.0,5.88,0.0,20.83,0.0,0.0,4522.0,2188.0,0.0,507.0,0.0,1827.0
50,2017,12,B6,JetBlue Airways,CLT,"Charlotte, NC: Charlotte Douglas International",104.0,36.0,13.94,0.79,13.49,0.0,7.78,0.0,0.0,2455.0,763.0,132.0,820.0,0.0,740.0
51,2017,12,B6,JetBlue Airways,DCA,"Washington, DC: Ronald Reagan Washington National",898.0,193.0,62.59,0.97,49.67,1.14,78.64,2.0,0.0,13282.0,4168.0,117.0,2304.0,62.0,6631.0
52,2017,12,B6,JetBlue Airways,DEN,"Denver, CO: Denver International",88.0,30.0,12.68,1.76,10.87,0.0,4.69,0.0,0.0,1892.0,914.0,254.0,401.0,0.0,323.0
53,2017,12,B6,JetBlue Airways,DFW,"Dallas/Fort Worth, TX: Dallas/Fort Worth International",47.0,15.0,5.07,0.0,7.0,0.28,2.65,0.0,0.0,1152.0,398.0,0.0,361.0,13.0,380.0
54,2017,12,B6,JetBlue Airways,DTW,"Detroit, MI: Detroit Metro Wayne County",119.0,37.0,13.95,1.5,10.59,0.0,10.97,0.0,0.0,3203.0,720.0,264.0,981.0,0.0,1238.0
55,2017,12,B6,JetBlue Airways,EWR,"Newark, NJ: Newark Liberty International",791.0,285.0,62.08,1.21,136.92,1.11,83.69,0.0,1.0,17014.0,4164.0,130.0,6921.0,97.0,5702.0
56,2017,12,B6,JetBlue Airways,FLL,"Fort Lauderdale, FL: Fort Lauderdale-Hollywood International",2177.0,607.0,189.04,14.71,195.21,3.92,204.11,3.0,11.0,38036.0,11536.0,2565.0,8715.0,225.0,14995.0
57,2017,12,B6,JetBlue Airways,JFK,"New York, NY: John F. Kennedy International",3575.0,918.0,236.2,15.71,264.26,0.78,401.05,7.0,5.0,58440.0,15555.0,1992.0,11250.0,39.0,29604.0
58,2017,12,B6,JetBlue Airways,LAS,"Las Vegas, NV: McCarran International",364.0,60.0,24.59,0.0,19.44,0.53,15.44,0.0,0.0,3456.0,1458.0,0.0,853.0,44.0,1101.0
59,2017,12,B6,JetBlue Airways,LAX,"Los Angeles, CA: Los Angeles International",531.0,121.0,41.45,5.0,53.26,0.0,21.29,0.0,0.0,7026.0,3166.0,322.0,2053.0,0.0,1485.0
60,2017,12,B6,JetBlue Airways,LGA,"New York, NY: LaGuardia",522.0,140.0,45.62,1.22,54.27,0.22,38.67,0.0,2.0,9552.0,3139.0,210.0,3490.0,15.0,2698.0
61,2017,12,B6,JetBlue Airways,MCO,"Orlando, FL: Orlando International",1739.0,556.0,162.32,7.23,181.66,1.01,203.78,4.0,2.0,36601.0,10868.0,912.0,7936.0,49.0,16836.0
62,2017,12,B6,JetBlue Airways,ORD,"Chicago, IL: Chicago O'Hare International",164.0,54.0,22.59,0.06,15.36,0.39,15.6,0.0,0.0,4055.0,1077.0,9.0,1125.0,36.0,1808.0
63,2017,12,B6,JetBlue Airways,PHL,"Philadelphia, PA: Philadelphia International",205.0,42.0,20.48,1.8,7.57,0.0,12.16,0.0,0.0,3880.0,2138.0,63.0,455.0,0.0,1224.0
64,2017,12,B6,JetBlue Airways,PHX,"Phoenix, AZ: Phoenix Sky Harbor International",62.0,16.0,4.52,0.55,7.77,0.0,3.16,0.0,0.0,805.0,200.0,17.0,317.0,0.0,271.0
65,2017,12,B6,JetBlue Airways,SAN,"San Diego, CA: San Diego International",145.0,25.0,7.33,1.18,13.62,0.0,2.87,0.0,0.0,1261.0,493.0,143.0,449.0,0.0,176.0
66,2017,12,B6,JetBlue Airways,SEA,"Seattle, WA: Seattle/Tacoma International",146.0,43.0,19.51,1.38,15.39,0.0,6.72,1.0,0.0,2319.0,898.0,199.0,542.0,0.0,680.0
67,2017,12,B6,JetBlue Airways,SFO,"San Francisco, CA: San Francisco International",478.0,87.0,24.62,1.03,43.86,0.29,17.21,0.0,1.0,6118.0,2257.0,40.0,2137.0,24.0,1660.0
68,2017,12,B6,JetBlue Airways,SLC,"Salt Lake City, UT: Salt Lake City International",243.0,55.0,25.56,1.21,14.26,0.0,13.97,0.0,0.0,3840.0,1851.0,83.0,592.0,0.0,1314.0
69,2017,12,DL,Delta Air Lines Inc.,ATL,"Atlanta, GA: Hartsfield-Jackson Atlanta International",19004.0,2217.0,621.8,128.48,790.74,6.0,669.99,1032.0,46.0,220039.0,79032.0,26446.0,76892.0,282.0,37387.0
70,2017,12,DL,Delta Air Lines Inc.,BOS,"Boston, MA: Logan International",1269.0,237.0,65.09,14.6,76.69,0.0,80.61,17.0,4.0,18719.0,4103.0,2416.0,4069.0,0.0,8131.0
71,2017,12,DL,Delta Air Lines Inc.,BWI,"Baltimore, MD: Baltimore/Washington International Thurgood Marshall",556.0,92.0,43.45,6.87,23.1,0.0,18.57,17.0,0.0,6234.0,3417.0,626.0,941.0,0.0,1250.0
72,2017,12,DL,Delta Air Lines Inc.,CLT,"Charlotte, NC: Charlotte Douglas International",451.0,56.0,22.82,3.47,18.44,0.0,11.28,17.0,1.0,2982.0,1419.0,400.0,600.0,0.0,563.0
73,2017,12,DL,Delta Air Lines Inc.,DCA,"Washington, DC: Ronald Reagan Washington National",706.0,99.0,33.74,9.69,36.92,0.0,18.65,20.0,1.0,7151.0,1984.0,1917.0,1919.0,0.0,1331.0
74,2017,12,DL,Delta Air Lines Inc.,DEN,"Denver, CO: Denver International",832.0,140.0,58.67,9.89,46.08,0.0,25.36,9.0,1.0,8152.0,3296.0,1022.0,1804.0,0.0,2030.0
75,2017,12,DL,Delta Air Lines Inc.,DFW,"Dallas/Fort Worth, TX: Dallas/Fort Worth International",472.0,62.0,30.81,2.88,14.28,0.0,14.02,17.0,2.0,3563.0,1744.0,354.0,647.0,0.0,818.0
76,2017,12,DL,Delta Air Lines Inc.,DTW,"Detroit, MI: Detroit Metro Wayne County",4309.0,692.0,180.28,38.2,236.8,0.49,236.22,27.0,4.0,48901.0,15326.0,3708.0,13278.0,22.0,16567.0
77,2017,12,DL,Delta Air Lines Inc.,EWR,"Newark, NJ: Newark Liberty International",414.0,119.0,18.83,4.13,84.01,0.0,12.03,17.0,0.0,8025.0,1371.0,1579.0,4345.0,0.0,730.0
78,2017,12,DL,Delta Air Lines Inc.,FLL,"Fort Lauderdale, FL: Fort Lauderdale-Hollywood International",997.0,161.0,57.51,10.86,59.5,0.0,33.13,22.0,0.0,10266.0,3832.0,1361.0,2571.0,0.0,2502.0
79,2017,12,DL,Delta Air Lines Inc.,IAH,"Houston, TX: George Bush Intercontinental/Houston",240.0,41.0,17.49,3.3,11.53,0.0,8.68,11.0,0.0,2209.0,826.0,327.0,641.0,0.0,415.0
80,2017,12,DL,Delta Air Lines Inc.,JFK,"New York, NY: John F. Kennedy International",2370.0,422.0,104.77,19.62,186.34,0.0,111.27,13.0,2.0,28735.0,8832.0,3093.0,8080.0,0.0,8730.0
81,2017,12,DL,Delta Air Lines Inc.,LAS,"Las Vegas, NV: McCarran International",1031.0,88.0,27.92,9.67,29.12,1.0,20.28,10.0,1.0,5072.0,1753.0,796.0,1096.0,23.0,1404.0
82,2017,12,DL,Delta Air Lines Inc.,LAX,"Los Angeles, CA: Los Angeles International",2753.0,355.0,128.69,31.17,126.44,0.0,68.7,19.0,7.0,22582.0,10274.0,2889.0,5239.0,0.0,4180.0
83,2017,12,DL,Delta Air Lines Inc.,LGA,"New York, NY: LaGuardia",2082.0,372.0,86.8,10.53,176.43,0.0,98.24,24.0,7.0,29080.0,8072.0,1503.0,12064.0,0.0,7441.0
84,2017,12,DL,Delta Air Lines Inc.,MCO,"Orlando, FL: Orlando International",1561.0,243.0,84.57,23.56,83.81,2.0,49.05,27.0,0.0,14364.0,4871.0,2312.0,4000.0,169.0,3012.0
85,2017,12,DL,Delta Air Lines Inc.,MIA,"Miami, FL: Miami International",816.0,143.0,58.61,14.84,36.87,0.0,32.67,16.0,2.0,10076.0,3332.0,2884.0,1863.0,0.0,1997.0
86,2017,12,DL,Delta Air Lines Inc.,MSP,"Minneapolis, MN: Minneapolis-St Paul International",5157.0,662.0,241.8,55.69,200.4,1.92,162.19,24.0,7.0,54140.0,27101.0,6081.0,7984.0,121.0,12853.0
87,2017,12,DL,Delta Air Lines Inc.,ORD,"Chicago, IL: Chicago O'Hare International",589.0,87.0,24.08,8.42,38.52,0.0,15.97,17.0,2.0,5489.0,1822.0,1189.0,1666.0,0.0,812.0
88,2017,12,DL,Delta Air Lines Inc.,PHL,"Philadelphia, PA: Philadelphia International",524.0,90.0,34.09,3.91,36.98,0.0,15.02,14.0,2.0,6344.0,2548.0,1070.0,2090.0,0.0,636.0
89,2017,12,DL,Delta Air Lines Inc.,PHX,"Phoenix, AZ: Phoenix Sky Harbor International",620.0,76.0,35.2,9.25,16.18,0.0,15.37,7.0,0.0,4563.0,2236.0,757.0,793.0,0.0,777.0
90,2017,12,DL,Delta Air Lines Inc.,SAN,"San Diego, CA: San Diego International",567.0,64.0,24.87,7.53,20.14,0.0,11.47,5.0,9.0,3575.0,1062.0,1226.0,780.0,0.0,507.0
91,2017,12,OO,SkyWest Airlines Inc.,SAN,"San Diego, CA: San Diego International",719.0,77.0,26.65,1.81,16.38,0.0,32.16,1.0,1.0,5547.0,2165.0,44.0,527.0,0.0,2811.0
92,2017,12,OO,SkyWest Airlines Inc.,SEA,"Seattle, WA: Seattle/Tacoma International",1489.0,317.0,36.69,19.32,137.61,0.0,123.38,19.0,20.0,20402.0,2898.0,1970.0,7065.0,0.0,8469.0
93,2017,12,OO,SkyWest Airlines Inc.,SFO,"San Francisco, CA: San Francisco International",3088.0,531.0,80.97,10.71,185.38,2.53,251.41,33.0,6.0,39616.0,10857.0,1809.0,8673.0,76.0,18201.0
94,2017,12,OO,SkyWest Airlines Inc.,SLC,"Salt Lake City, UT: Salt Lake City International",3785.0,637.0,118.64,28.3,162.34,0.0,327.72,33.0,11.0,53466.0,13836.0,5492.0,8485.0,0.0,25653.0
95,2017,12,UA,United Air Lines Inc.,ATL,"Atlanta, GA: Hartsfield-Jackson Atlanta International",491.0,76.0,18.92,6.05,29.27,0.0,21.76,19.0,3.0,4587.0,1016.0,875.0,1061.0,0.0,1635.0
96,2017,12,UA,United Air Lines Inc.,BOS,"Boston, MA: Logan International",996.0,133.0,32.89,6.02,44.43,0.0,49.67,1.0,3.0,8061.0,1852.0,654.0,1853.0,0.0,3702.0
97,2017,12,UA,United Air Lines Inc.,BWI,"Baltimore, MD: Baltimore/Washington International Thurgood Marshall",286.0,27.0,7.0,5.91,6.68,0.0,7.41,0.0,0.0,2169.0,821.0,345.0,259.0,0.0,744.0
98,2017,12,UA,United Air Lines Inc.,CLT,"Charlotte, NC: Charlotte Douglas International",104.0,20.0,5.25,1.59,4.24,0.0,8.92,0.0,0.0,1282.0,224.0,100.0,211.0,0.0,747.0
99,2017,12,UA,United Air Lines Inc.,DCA,"Washington, DC: Ronald Reagan Washington National",400.0,50.0,9.82,3.44,16.9,0.0,19.84,1.0,1.0,2344.0,381.0,200.0,469.0,0.0,1294.0
100,2017,12,UA,United Air Lines Inc.,DEN,"Denver, CO: Denver International",4788.0,596.0,165.3,31.64,230.11,0.0,168.95,4.0,1.0,36807.0,10897.0,1914.0,8789.0,0.0,15207.0
101,2017,12,UA,United Air Lines Inc.,DFW,"Dallas/Fort Worth, TX: Dallas/Fort Worth International",590.0,105.0,26.73,4.53,33.82,0.0,39.92,0.0,2.0,5948.0,1622.0,209.0,1400.0,0.0,2717.0
102,2017,12,UA,United Air Lines Inc.,DTW,"Detroit, MI: Detroit Metro Wayne County",187.0,36.0,8.38,0.98,14.72,0.0,11.92,0.0,0.0,1992.0,376.0,79.0,892.0,0.0,645.0
103,2017,12,UA,United Air Lines Inc.,EWR,"Newark, NJ: Newark Liberty International",4770.0,1242.0,163.09,26.25,815.95,0.0,236.71,18.0,10.0,88015.0,11866.0,4199.0,50713.0,0.0,21237.0
104,2017,12,UA,United Air Lines Inc.,FLL,"Fort Lauderdale, FL: Fort Lauderdale-Hollywood International",616.0,109.0,28.88,4.16,28.19,0.0,47.77,0.0,1.0,7135.0,1547.0,628.0,1262.0,0.0,3698.0
105,2017,12,UA,United Air Lines Inc.,IAH,"Houston, TX: George Bush Intercontinental/Houston",5375.0,668.0,175.07,32.41,291.39,0.0,169.14,10.0,8.0,37913.0,12840.0,2735.0,9587.0,0.0,12751.0
106,2017,12,UA,United Air Lines Inc.,LAS,"Las Vegas, NV: McCarran International",917.0,125.0,35.52,6.02,29.26,0.0,54.21,0.0,1.0,6309.0,1949.0,433.0,1067.0,0.0,2860.0
107,2017,12,UA,United Air Lines Inc.,LAX,"Los Angeles, CA: Los Angeles International",2359.0,288.0,90.29,14.32,112.35,0.0,71.04,3.0,3.0,15826.0,4966.0,1199.0,3785.0,0.0,5876.0
108,2017,12,UA,United Air Lines Inc.,LGA,"New York, NY: LaGuardia",738.0,131.0,15.76,4.93,84.59,0.0,25.71,0.0,1.0,9739.0,843.0,233.0,6694.0,0.0,1969.0
109,2017,12,UA,United Air Lines Inc.,MCO,"Orlando, FL: Orlando International",991.0,142.0,35.59,6.2,48.81,0.0,51.4,0.0,1.0,9824.0,2310.0,608.0,2225.0,0.0,4681.0
110,2017,12,UA,United Air Lines Inc.,MIA,"Miami, FL: Miami International",469.0,89.0,31.65,2.29,26.67,0.0,28.39,0.0,0.0,5584.0,2247.0,92.0,1390.0,0.0,1855.0
111,2017,12,UA,United Air Lines Inc.,MSP,"Minneapolis, MN: Minneapolis-St Paul International",233.0,24.0,9.39,2.1,4.02,0.0,8.49,0.0,1.0,1255.0,600.0,95.0,167.0,0.0,393.0
112,2017,12,UA,United Air Lines Inc.,ORD,"Chicago, IL: Chicago O'Hare International",5639.0,781.0,162.73,28.11,371.58,0.0,218.58,9.0,6.0,53189.0,11482.0,2318.0,20955.0,0.0,18434.0
113,2017,12,UA,United Air Lines Inc.,PHL,"Philadelphia, PA: Philadelphia International",366.0,46.0,11.07,7.29,18.62,0.0,9.02,0.0,0.0,2135.0,418.0,372.0,851.0,0.0,494.0
114,2017,12,UA,United Air Lines Inc.,PHX,"Phoenix, AZ: Phoenix Sky Harbor International",662.0,90.0,31.78,2.23,20.85,0.0,35.14,0.0,0.0,5675.0,1846.0,233.0,812.0,0.0,2784.0
115,2017,12,UA,United Air Lines Inc.,SAN,"San Diego, CA: San Diego International",846.0,78.0,20.79,7.46,25.94,0.0,23.82,0.0,7.0,4016.0,1100.0,726.0,858.0,0.0,1332.0
116,2017,12,UA,United Air Lines Inc.,SEA,"Seattle, WA: Seattle/Tacoma International",836.0,182.0,50.69,11.64,85.18,0.0,34.48,0.0,7.0,9733.0,2375.0,1199.0,3671.0,0.0,2488.0
117,2017,12,UA,United Air Lines Inc.,SFO,"San Francisco, CA: San Francisco International",5107.0,702.0,206.89,34.54,286.31,0.0,174.27,9.0,6.0,42318.0,14529.0,3047.0,11493.0,0.0,13249.0
118,2017,12,UA,United Air Lines Inc.,SLC,"Salt Lake City, UT: Salt Lake City International",155.0,21.0,8.21,0.71,4.45,0.0,7.63,0.0,0.0,1175.0,414.0,81.0,124.0,0.0,556.0
119,2017,12,VX,Virgin America,BOS,"Boston, MA: Logan International",126.0,29.0,14.01,0.0,12.99,0.0,1.99,0.0,0.0,1161.0,721.0,0.0,386.0,0.0,54.0
120,2017,12,VX,Virgin America,BWI,"Baltimore, MD: Baltimore/Washington International Thurgood Marshall",31.0,4.0,2.65,0.0,1.35,0.0,0.0,0.0,0.0,127.0,86.0,0.0,41.0,0.0,0.0
121,2017,12,VX,Virgin America,DCA,"Washington, DC: Ronald Reagan Washington National",116.0,13.0,5.72,0.0,4.33,1.0,1.95,0.0,0.0,568.0,184.0,0.0,156.0,30.0,198.0
122,2017,12,VX,Virgin America,DEN,"Denver, CO: Denver International",89.0,13.0,2.69,0.0,4.93,0.0,5.38,0.0,0.0,591.0,194.0,0.0,136.0,0.0,261.0
123,2017,12,VX,Virgin America,EWR,"Newark, NJ: Newark Liberty International",238.0,74.0,11.88,0.28,52.82,0.0,9.02,1.0,1.0,4034.0,585.0,18.0,2878.0,0.0,553.0
124,2017,12,VX,Virgin America,FLL,"Fort Lauderdale, FL: Fort Lauderdale-Hollywood International",124.0,21.0,5.84,0.0,11.84,0.0,3.32,0.0,1.0,858.0,352.0,0.0,352.0,0.0,154.0
125,2017,12,VX,Virgin America,JFK,"New York, NY: John F. Kennedy International",355.0,52.0,14.47,0.0,31.86,0.0,5.68,1.0,0.0,2156.0,765.0,0.0,1085.0,0.0,306.0
126,2017,12,VX,Virgin America,LAS,"Las Vegas, NV: McCarran International",391.0,47.0,9.72,0.11,13.65,0.0,23.52,2.0,0.0,2293.0,478.0,2.0,430.0,0.0,1383.0
127,2017,12,VX,Virgin America,LAX,"Los Angeles, CA: Los Angeles International",1281.0,221.0,83.85,4.21,72.62,1.52,58.8,3.0,8.0,10735.0,4663.0,128.0,2418.0,48.0,3478.0
128,2017,12,VX,Virgin America,MCO,"Orlando, FL: Orlando International",62.0,6.0,1.21,0.48,2.2,0.0,2.11,0.0,0.0,204.0,58.0,12.0,50.0,0.0,84.0
129,2017,12,VX,Virgin America,ORD,"Chicago, IL: Chicago O'Hare International",145.0,49.0,12.69,0.0,27.16,1.13,8.01,0.0,0.0,2343.0,711.0,0.0,1227.0,32.0,373.0
130,2017,12,VX,Virgin America,PHL,"Philadelphia, PA: Philadelphia International",60.0,8.0,2.07,0.0,5.6,0.0,0.33,0.0,0.0,191.0,67.0,0.0,110.0,0.0,14.0
131,2017,12,VX,Virgin America,SAN,"San Diego, CA: San Diego International",175.0,24.0,12.28,0.0,7.44,0.0,4.27,1.0,1.0,1331.0,880.0,0.0,220.0,0.0,231.0
132,2017,12,VX,Virgin America,SEA,"Seattle, WA: Seattle/Tacoma International",135.0,32.0,8.36,1.0,17.49,0.0,5.15,0.0,0.0,1554.0,586.0,17.0,659.0,0.0,292.0
133,2017,12,VX,Virgin America,SFO,"San Francisco, CA: San Francisco International",2036.0,320.0,98.59,6.25,117.94,3.96,93.26,10.0,18.0,15870.0,4646.0,223.0,5013.0,116.0,5872.0
134,2017,12,WN,Southwest Airlines Co.,ATL,"Atlanta, GA: Hartsfield-Jackson Atlanta International",3485.0,681.0,207.18,7.02,158.72,5.2,302.88,154.0,13.0,32595.0,9937.0,571.0,6048.0,153.0,15886.0
135,2017,12,WN,Southwest Airlines Co.,BOS,"Boston, MA: Logan International",948.0,183.0,68.48,2.16,28.25,0.0,84.12,14.0,0.0,9704.0,3879.0,151.0,1088.0,0.0,4586.0
136,2017,12,WN,Southwest Airlines Co.,BWI,"Baltimore, MD: Baltimore/Washington International Thurgood Marshall",6164.0,1027.0,292.74,14.27,193.86,3.87,522.26,79.0,1.0,48042.0,16267.0,850.0,6175.0,146.0,24604.0
137,2017,12,WN,Southwest Airlines Co.,CLT,"Charlotte, NC: Charlotte Douglas International",231.0,61.0,24.06,2.69,8.77,0.0,25.47,2.0,0.0,3027.0,1246.0,128.0,382.0,0.0,1271.0
138,2017,12,WN,Southwest Airlines Co.,DCA,"Washington, DC: Ronald Reagan Washington National",1265.0,266.0,80.63,3.67,55.99,0.65,125.06,17.0,0.0,14073.0,4591.0,483.0,2168.0,30.0,6801.0
139,2017,12,WN,Southwest Airlines Co.,DEN,"Denver, CO: Denver International",5590.0,1122.0,347.71,12.16,274.96,7.22,479.94,9.0,1.0,51888.0,15875.0,1061.0,9259.0,408.0,25285.0
140,2017,12,WN,Southwest Airlines Co.,DTW,"Detroit, MI: Detroit Metro Wayne County",548.0,144.0,49.6,1.42,34.53,1.0,57.45,12.0,1.0,6858.0,2243.0,123.0,1700.0,25.0,2767.0
141,2017,12,WN,Southwest Airlines Co.,EWR,"Newark, NJ: Newark Liberty International",530.0,182.0,44.89,6.39,88.52,0.0,42.19,4.0,1.0,11784.0,3182.0,540.0,5278.0,0.0,2784.0
142,2017,12,WN,Southwest Airlines Co.,FLL,"Fort Lauderdale, FL: Fort Lauderdale-Hollywood International",2110.0,434.0,160.03,5.04,107.94,0.32,160.67,11.0,9.0,23177.0,9522.0,414.0,4190.0,6.0,9045.0
143,2017,12,WN,Southwest Airlines Co.,LAS,"Las Vegas, NV: McCarran International",5827.0,880.0,262.87,11.57,132.55,6.57,466.45,25.0,5.0,38409.0,11708.0,615.0,4210.0,219.0,21657.0
144,2017,12,WN,Southwest Airlines Co.,LAX,"Los Angeles, CA: Los Angeles International",3431.0,550.0,197.53,6.14,81.3,2.3,262.73,33.0,2.0,26389.0,10194.0,646.0,2693.0,96.0,12760.0
145,2017,12,WN,Southwest Airlines Co.,LGA,"New York, NY: LaGuardia",927.0,270.0,81.34,5.93,94.71,1.31,86.71,12.0,2.0,17928.0,5293.0,418.0,6896.0,114.0,5207.0
146,2017,12,WN,Southwest Airlines Co.,MCO,"Orlando, FL: Orlando International",3475.0,723.0,209.49,6.55,171.01,2.81,333.15,18.0,3.0,39432.0,12646.0,654.0,7247.0,170.0,18715.0
147,2017,12,WN,Southwest Airlines Co.,MSP,"Minneapolis, MN: Minneapolis-St Paul International",629.0,163.0,58.76,3.41,23.67,0.85,76.31,5.0,0.0,6741.0,2260.0,149.0,885.0,23.0,3424.0
148,2017,12,WN,Southwest Airlines Co.,PHL,"Philadelphia, PA: Philadelphia International",744.0,167.0,66.23,3.39,27.26,0.38,69.74,3.0,0.0,8931.0,3603.0,224.0,1086.0,15.0,4003.0
149,2017,12,WN,Southwest Airlines Co.,PHX,"Phoenix, AZ: Phoenix Sky Harbor International",4992.0,877.0,301.27,6.1,115.64,2.59,451.4,29.0,3.0,40918.0,13649.0,878.0,3769.0,153.0,22469.0
150,2017,12,WN,Southwest Airlines Co.,SAN,"San Diego, CA: San Diego International",3106.0,475.0,161.33,0.97,54.39,2.23,256.08,35.0,12.0,21192.0,7132.0,49.0,1766.0,127.0,12118.0
151,2017,12,WN,Southwest Airlines Co.,SEA,"Seattle, WA: Seattle/Tacoma International",965.0,230.0,78.49,4.46,60.6,1.8,84.65,2.0,7.0,9953.0,3056.0,230.0,2496.0,86.0,4085.0
152,2017,12,WN,Southwest Airlines Co.,SFO,"San Francisco, CA: San Francisco International",1441.0,232.0,70.25,4.52,37.21,0.0,120.03,17.0,1.0,12874.0,3749.0,572.0,1857.0,0.0,6696.0
153,2017,12,WN,Southwest Airlines Co.,SLC,"Salt Lake City, UT: Salt Lake City International",883.0,177.0,73.31,0.0,17.91,0.0,85.78,1.0,1.0,7087.0,2792.0,0.0,678.0,0.0,3617.0
154,2017,12,DL,Delta Air Lines Inc.,SEA,"Seattle, WA: Seattle/Tacoma International",1791.0,294.0,77.23,13.88,142.87,0.0,60.01,6.0,18.0,15599.0,4561.0,1092.0,5830.0,0.0,4116.0
155,2017,12,DL,Delta Air Lines Inc.,SFO,"San Francisco, CA: San Francisco International",958.0,100.0,30.73,11.41,41.67,1.0,15.19,10.0,2.0,6132.0,1692.0,1474.0,1928.0,62.0,976.0
156,2017,12,DL,Delta Air Lines Inc.,SLC,"Salt Lake City, UT: Salt Lake City International",3318.0,396.0,142.88,33.77,95.7,1.0,122.66,12.0,10.0,29025.0,10639.0,3847.0,4429.0,34.0,10076.0
157,2017,12,EV,ExpressJet Airlines Inc.,ATL,"Atlanta, GA: Hartsfield-Jackson Atlanta International",1490.0,265.0,73.39,0.0,72.79,0.0,118.82,57.0,4.0,19013.0,7587.0,0.0,3644.0,0.0,7782.0
158,2017,12,EV,ExpressJet Airlines Inc.,BOS,"Boston, MA: Logan International",150.0,40.0,11.66,0.0,12.08,0.0,16.26,6.0,0.0,2977.0,954.0,0.0,569.0,0.0,1454.0
159,2017,12,EV,ExpressJet Airlines Inc.,BWI,"Baltimore, MD: Baltimore/Washington International Thurgood Marshall",77.0,26.0,4.95,1.0,3.64,0.0,16.41,2.0,0.0,1248.0,209.0,152.0,97.0,0.0,790.0
160,2017,12,EV,ExpressJet Airlines Inc.,CLT,"Charlotte, NC: Charlotte Douglas International",220.0,54.0,22.68,0.0,9.5,0.0,21.82,7.0,1.0,4673.0,2426.0,0.0,590.0,0.0,1657.0
161,2017,12,EV,ExpressJet Airlines Inc.,DCA,"Washington, DC: Ronald Reagan Washington National",281.0,66.0,6.24,1.0,18.04,0.0,40.71,5.0,1.0,4763.0,462.0,40.0,1336.0,0.0,2925.0
162,2017,12,EV,ExpressJet Airlines Inc.,DFW,"Dallas/Fort Worth, TX: Dallas/Fort Worth International",928.0,166.0,48.73,0.0,30.08,0.0,87.19,21.0,1.0,14722.0,6462.0,0.0,1062.0,0.0,7198.0
163,2017,12,EV,ExpressJet Airlines Inc.,DTW,"Detroit, MI: Detroit Metro Wayne County",184.0,51.0,16.16,0.0,12.8,0.0,22.04,3.0,1.0,3698.0,1817.0,0.0,545.0,0.0,1336.0
164,2017,12,EV,ExpressJet Airlines Inc.,EWR,"Newark, NJ: Newark Liberty International",1754.0,748.0,64.95,11.26,513.21,0.0,158.58,36.0,2.0,61256.0,7545.0,2273.0,39952.0,0.0,11486.0
165,2017,12,EV,ExpressJet Airlines Inc.,IAH,"Houston, TX: George Bush Intercontinental/Houston",3156.0,523.0,71.23,29.51,253.21,0.0,169.06,9.0,2.0,34271.0,7066.0,5286.0,12881.0,0.0,9038.0
166,2017,12,EV,ExpressJet Airlines Inc.,LGA,"New York, NY: LaGuardia",1118.0,316.0,73.19,0.88,119.82,0.0,122.12,35.0,6.0,35737.0,14151.0,129.0,9024.0,0.0,12433.0
167,2017,12,EV,ExpressJet Airlines Inc.,MCO,"Orlando, FL: Orlando International",8.0,2.0,0.0,0.0,0.0,0.0,2.0,0.0,0.0,89.0,0.0,0.0,0.0,0.0,89.0
168,2017,12,EV,ExpressJet Airlines Inc.,MSP,"Minneapolis, MN: Minneapolis-St Paul International",99.0,25.0,11.18,0.0,7.49,0.0,6.33,2.0,0.0,1578.0,1150.0,0.0,208.0,0.0,220.0
169,2017,12,EV,ExpressJet Airlines Inc.,ORD,"Chicago, IL: Chicago O'Hare International",1275.0,286.0,46.95,10.8,146.19,0.0,82.06,9.0,1.0,19234.0,4790.0,1110.0,8033.0,0.0,5301.0
170,2017,12,EV,ExpressJet Airlines Inc.,PHL,"Philadelphia, PA: Philadelphia International",10.0,1.0,0.06,0.0,0.94,0.0,0.0,0.0,0.0,31.0,2.0,0.0,29.0,0.0,0.0
171,2017,12,EV,ExpressJet Airlines Inc.,SLC,"Salt Lake City, UT: Salt Lake City International",2.0,0.0,0.0,0.0,0.0,0.0,0.0,0.0,0.0,0.0,0.0,0.0,0.0,0.0,0.0
172,2017,12,F9,Frontier Airlines Inc.,ATL,"Atlanta, GA: Hartsfield-Jackson Atlanta International",276.0,53.0,15.73,0.25,13.9,0.0,23.13,20.0,2.0,4077.0,881.0,35.0,788.0,0.0,2373.0
173,2017,12,F9,Frontier Airlines Inc.,CLT,"Charlotte, NC: Charlotte Douglas International",93.0,16.0,8.4,0.28,2.82,0.0,4.5,0.0,0.0,1081.0,313.0,7.0,215.0,0.0,546.0
174,2017,12,F9,Frontier Airlines Inc.,DCA,"Washington, DC: Ronald Reagan Washington National",93.0,16.0,9.13,0.0,1.03,0.0,5.84,0.0,0.0,1030.0,603.0,0.0,26.0,0.0,401.0
175,2017,12,F9,Frontier Airlines Inc.,DEN,"Denver, CO: Denver International",1569.0,342.0,84.97,5.94,114.21,0.0,136.88,8.0,1.0,20860.0,4985.0,555.0,4367.0,0.0,10953.0
176,2017,12,F9,Frontier Airlines Inc.,DFW,"Dallas/Fort Worth, TX: Dallas/Fort Worth International",56.0,13.0,4.34,0.0,4.13,0.0,4.53,0.0,1.0,645.0,193.0,0.0,214.0,0.0,238.0
177,2017,12,F9,Frontier Airlines Inc.,DTW,"Detroit, MI: Detroit Metro Wayne County",65.0,16.0,6.08,0.0,3.72,0.0,6.2,0.0,0.0,1292.0,438.0,0.0,241.0,0.0,613.0
178,2017,12,F9,Frontier Airlines Inc.,IAH,"Houston, TX: George Bush Intercontinental/Houston",56.0,13.0,4.06,0.0,3.4,0.0,5.54,0.0,0.0,828.0,260.0,0.0,92.0,0.0,476.0
179,2017,12,F9,Frontier Airlines Inc.,LAS,"Las Vegas, NV: McCarran International",677.0,158.0,44.91,0.76,49.08,0.0,63.25,4.0,0.0,10975.0,2857.0,249.0,1980.0,0.0,5889.0
180,2017,12,F9,Frontier Airlines Inc.,LAX,"Los Angeles, CA: Los Angeles International",124.0,25.0,12.71,0.67,5.44,0.0,6.18,0.0,0.0,1455.0,724.0,41.0,208.0,0.0,482.0
181,2017,12,F9,Frontier Airlines Inc.,LGA,"New York, NY: LaGuardia",93.0,22.0,3.84,0.0,10.25,0.0,7.9,2.0,0.0,1517.0,132.0,0.0,730.0,0.0,655.0
182,2017,12,F9,Frontier Airlines Inc.,MCO,"Orlando, FL: Orlando International",1088.0,274.0,73.33,5.76,94.58,0.0,100.34,7.0,0.0,21373.0,4673.0,1373.0,4483.0,0.0,10844.0
183,2017,12,F9,Frontier Airlines Inc.,MIA,"Miami, FL: Miami International",349.0,79.0,16.37,1.0,26.65,0.0,34.99,5.0,0.0,4929.0,1018.0,132.0,1322.0,0.0,2457.0
184,2017,12,F9,Frontier Airlines Inc.,MSP,"Minneapolis, MN: Minneapolis-St Paul International",123.0,34.0,12.41,0.04,7.95,0.0,13.6,0.0,0.0,1860.0,672.0,3.0,276.0,0.0,909.0
185,2017,12,F9,Frontier Airlines Inc.,ORD,"Chicago, IL: Chicago O'Hare International",223.0,55.0,10.46,0.0,27.91,0.0,16.62,1.0,2.0,3287.0,659.0,0.0,1338.0,0.0,1290.0
186,2017,12,F9,Frontier Airlines Inc.,PHL,"Philadelphia, PA: Philadelphia International",281.0,46.0,17.62,0.37,9.26,0.0,18.76,2.0,0.0,2548.0,1029.0,10.0,503.0,0.0,1006.0
187,2017,12,F9,Frontier Airlines Inc.,PHX,"Phoenix, AZ: Phoenix Sky Harbor International",253.0,53.0,19.98,0.44,15.86,0.0,16.72,3.0,0.0,3768.0,1498.0,11.0,774.0,0.0,1485.0
188,2017,12,F9,Frontier Airlines Inc.,SAN,"San Diego, CA: San Diego International",106.0,26.0,6.7,0.33,8.03,0.0,10.94,0.0,1.0,1401.0,332.0,18.0,327.0,0.0,724.0
189,2017,12,F9,Frontier Airlines Inc.,SEA,"Seattle, WA: Seattle/Tacoma International",39.0,6.0,1.82,0.0,2.55,0.0,1.63,0.0,0.0,324.0,111.0,0.0,115.0,0.0,98.0
190,2017,12,F9,Frontier Airlines Inc.,SFO,"San Francisco, CA: San Francisco International",118.0,38.0,16.15,0.66,13.86,0.0,7.33,1.0,0.0,2547.0,1409.0,21.0,586.0,0.0,531.0
191,2017,12,F9,Frontier Airlines Inc.,SLC,"Salt Lake City, UT: Salt Lake City International",131.0,38.0,9.4,0.0,7.8,0.0,20.8,2.0,0.0,2529.0,681.0,0.0,310.0,0.0,1538.0
192,2017,12,HA,Hawaiian Airlines Inc.,JFK,"New York, NY: John F. Kennedy International",29.0,11.0,11.0,0.0,0.0,0.0,0.0,0.0,0.0,709.0,709.0,0.0,0.0,0.0,0.0
193,2017,12,HA,Hawaiian Airlines Inc.,LAS,"Las Vegas, NV: McCarran International",79.0,17.0,16.0,0.0,0.0,0.0,1.0,0.0,0.0,904.0,729.0,0.0,0.0,0.0,175.0
194,2017,12,HA,Hawaiian Airlines Inc.,LAX,"Los Angeles, CA: Los Angeles International",171.0,47.0,28.74,0.0,0.0,0.0,18.26,2.0,2.0,2251.0,1419.0,0.0,0.0,0.0,832.0
195,2017,12,HA,Hawaiian Airlines Inc.,PHX,"Phoenix, AZ: Phoenix Sky Harbor International",31.0,9.0,9.0,0.0,0.0,0.0,0.0,0.0,0.0,749.0,749.0,0.0,0.0,0.0,0.0
196,2017,12,HA,Hawaiian Airlines Inc.,SAN,"San Diego, CA: San Diego International",31.0,10.0,7.43,1.0,1.0,0.0,0.57,0.0,1.0,277.0,198.0,40.0,26.0,0.0,13.0
197,2017,12,HA,Hawaiian Airlines Inc.,SEA,"Seattle, WA: Seattle/Tacoma International",72.0,25.0,14.04,0.13,0.0,0.0,10.82,0.0,1.0,1075.0,513.0,11.0,0.0,0.0,551.0
198,2017,12,HA,Hawaiian Airlines Inc.,SFO,"San Francisco, CA: San Francisco International",62.0,14.0,8.95,0.0,0.0,0.0,5.05,1.0,0.0,667.0,286.0,0.0,0.0,0.0,381.0
199,2017,12,NK,Spirit Air Lines,ATL,"Atlanta, GA: Hartsfield-Jackson Atlanta International",611.0,107.0,22.36,2.15,52.06,0.24,30.19,22.0,2.0,5995.0,1119.0,393.0,2801.0,4.0,1678.0
200,2017,12,NK,Spirit Air Lines,BOS,"Boston, MA: Logan International",413.0,79.0,17.58,0.0,39.24,0.84,21.34,9.0,1.0,4937.0,1124.0,0.0,2554.0,16.0,1243.0
201,2017,12,NK,Spirit Air Lines,BWI,"Baltimore, MD: Baltimore/Washington International Thurgood Marshall",577.0,105.0,32.15,0.95,36.52,1.0,34.38,9.0,0.0,6558.0,1839.0,87.0,2451.0,21.0,2160.0
202,2017,12,NK,Spirit Air Lines,DEN,"Denver, CO: Denver International",254.0,32.0,4.54,0.44,20.97,0.0,6.05,2.0,0.0,1279.0,149.0,58.0,712.0,0.0,360.0
203,2017,12,NK,Spirit Air Lines,DFW,"Dallas/Fort Worth, TX: Dallas/Fort Worth International",585.0,109.0,23.43,0.41,49.66,1.4,34.1,5.0,3.0,7203.0,2463.0,19.0,2388.0,72.0,2261.0
204,2017,12,NK,Spirit Air Lines,DTW,"Detroit, MI: Detroit Metro Wayne County",769.0,148.0,30.33,1.39,79.97,0.0,36.31,13.0,0.0,9727.0,1573.0,209.0,4789.0,0.0,3156.0
205,2017,12,NK,Spirit Air Lines,EWR,"Newark, NJ: Newark Liberty International",296.0,72.0,6.03,0.09,63.64,0.0,2.24,7.0,0.0,4667.0,289.0,25.0,4171.0,0.0,182.0
206,2017,12,NK,Spirit Air Lines,FLL,"Fort Lauderdale, FL: Fort Lauderdale-Hollywood International",1416.0,279.0,52.6,5.84,161.41,1.47,57.68,17.0,0.0,24627.0,4709.0,242.0,12614.0,143.0,6919.0
207,2017,12,NK,Spirit Air Lines,IAH,"Houston, TX: George Bush Intercontinental/Houston",484.0,74.0,19.08,1.37,36.83,0.0,16.72,6.0,0.0,5988.0,1031.0,794.0,1542.0,0.0,2621.0
208,2017,12,NK,Spirit Air Lines,LAS,"Las Vegas, NV: McCarran International",1027.0,137.0,33.62,6.26,62.93,0.0,34.19,9.0,1.0,10416.0,2812.0,539.0,4807.0,0.0,2258.0
209,2017,12,NK,Spirit Air Lines,LAX,"Los Angeles, CA: Los Angeles International",646.0,92.0,24.61,5.68,40.19,0.97,20.55,3.0,0.0,6497.0,2490.0,355.0,1863.0,28.0,1761.0
210,2017,12,NK,Spirit Air Lines,LGA,"New York, NY: LaGuardia",341.0,59.0,5.49,3.91,47.05,0.0,2.55,9.0,0.0,2909.0,147.0,189.0,2429.0,0.0,144.0
211,2017,12,NK,Spirit Air Lines,MCO,"Orlando, FL: Orlando International",978.0,235.0,49.18,5.33,130.96,2.03,47.49,10.0,0.0,13584.0,4199.0,322.0,5825.0,75.0,3163.0
212,2017,12,NK,Spirit Air Lines,MSP,"Minneapolis, MN: Minneapolis-St Paul International",364.0,57.0,13.77,0.0,32.65,0.0,10.57,6.0,0.0,3324.0,1046.0,0.0,1666.0,0.0,612.0
213,2017,12,NK,Spirit Air Lines,ORD,"Chicago, IL: Chicago O'Hare International",745.0,157.0,31.88,0.18,95.44,0.12,29.38,9.0,0.0,9750.0,1825.0,5.0,4807.0,4.0,3109.0
214,2017,12,NK,Spirit Air Lines,PHL,"Philadelphia, PA: Philadelphia International",238.0,45.0,7.76,0.05,19.12,0.0,18.08,3.0,0.0,2395.0,379.0,2.0,827.0,0.0,1187.0
215,2017,12,NK,Spirit Air Lines,PHX,"Phoenix, AZ: Phoenix Sky Harbor International",93.0,10.0,1.51,0.11,2.88,0.0,5.51,0.0,0.0,875.0,175.0,19.0,256.0,0.0,425.0
216,2017,12,NK,Spirit Air Lines,SAN,"San Diego, CA: San Diego International",154.0,18.0,4.56,0.15,8.58,0.0,4.7,3.0,1.0,1102.0,225.0,5.0,529.0,0.0,343.0
217,2017,12,NK,Spirit Air Lines,SEA,"Seattle, WA: Seattle/Tacoma International",93.0,26.0,7.56,0.0,12.21,0.0,6.23,0.0,0.0,1288.0,417.0,0.0,550.0,0.0,321.0
218,2017,12,OO,SkyWest Airlines Inc.,ATL,"Atlanta, GA: Hartsfield-Jackson Atlanta International",1817.0,432.0,79.88,18.02,106.41,0.0,227.69,104.0,5.0,42111.0,12654.0,4590.0,6542.0,0.0,18325.0
219,2017,12,OO,SkyWest Airlines Inc.,CLT,"Charlotte, NC: Charlotte Douglas International",89.0,16.0,3.64,1.47,5.01,0.0,5.88,0.0,0.0,924.0,428.0,44.0,156.0,0.0,296.0
220,2017,12,OO,SkyWest Airlines Inc.,DCA,"Washington, DC: Ronald Reagan Washington National",82.0,22.0,7.75,0.78,6.9,0.0,6.56,0.0,0.0,1039.0,437.0,90.0,195.0,0.0,317.0
221,2017,12,OO,SkyWest Airlines Inc.,DEN,"Denver, CO: Denver International",3849.0,764.0,151.84,19.31,255.48,3.11,334.25,36.0,4.0,68040.0,26430.0,2597.0,9918.0,90.0,29005.0
222,2017,12,OO,SkyWest Airlines Inc.,DFW,"Dallas/Fort Worth, TX: Dallas/Fort Worth International",455.0,114.0,24.56,2.92,37.78,0.0,48.73,6.0,0.0,9930.0,3843.0,502.0,1687.0,0.0,3898.0
223,2017,12,OO,SkyWest Airlines Inc.,DTW,"Detroit, MI: Detroit Metro Wayne County",3010.0,813.0,158.28,35.39,202.16,2.89,414.29,58.0,3.0,80904.0,24148.0,8246.0,12149.0,64.0,36297.0
224,2017,12,OO,SkyWest Airlines Inc.,EWR,"Newark, NJ: Newark Liberty International",57.0,23.0,10.64,3.78,5.56,0.0,3.02,0.0,0.0,1275.0,718.0,165.0,211.0,0.0,181.0
225,2017,12,OO,SkyWest Airlines Inc.,IAH,"Houston, TX: George Bush Intercontinental/Houston",632.0,175.0,42.83,3.96,65.15,0.0,63.06,10.0,1.0,12488.0,4312.0,254.0,2216.0,0.0,5706.0
226,2017,12,OO,SkyWest Airlines Inc.,LAS,"Las Vegas, NV: McCarran International",333.0,51.0,16.15,2.58,7.96,0.0,24.3,1.0,0.0,4241.0,1128.0,316.0,358.0,0.0,2439.0
227,2017,12,OO,SkyWest Airlines Inc.,LAX,"Los Angeles, CA: Los Angeles International",2547.0,341.0,60.03,4.25,118.5,1.18,157.04,19.0,5.0,26851.0,9461.0,247.0,4825.0,28.0,12290.0
228,2017,12,OO,SkyWest Airlines Inc.,LGA,"New York, NY: LaGuardia",187.0,45.0,12.33,1.39,19.66,1.0,10.62,3.0,1.0,3377.0,1035.0,144.0,1345.0,42.0,811.0
229,2017,12,OO,SkyWest Airlines Inc.,MSP,"Minneapolis, MN: Minneapolis-St Paul International",3300.0,824.0,170.29,26.24,236.21,3.49,387.77,48.0,9.0,81557.0,31420.0,5195.0,11098.0,90.0,33754.0
230,2017,12,OO,SkyWest Airlines Inc.,ORD,"Chicago, IL: Chicago O'Hare International",6027.0,1612.0,232.64,46.37,596.08,3.52,733.39,114.0,10.0,142880.0,41946.0,7751.0,30982.0,103.0,62098.0
231,2017,12,OO,SkyWest Airlines Inc.,PHL,"Philadelphia, PA: Philadelphia International",25.0,11.0,0.87,1.21,5.72,0.0,3.19,0.0,0.0,805.0,155.0,80.0,285.0,0.0,285.0
232,2017,12,OO,SkyWest Airlines Inc.,PHX,"Phoenix, AZ: Phoenix Sky Harbor International",1131.0,106.0,22.6,1.18,17.18,0.0,65.04,2.0,1.0,9989.0,4638.0,193.0,428.0,0.0,4730.0
